generation,best_fitness,mean_fitness,std_fitness,best_genes,best_params,elapsed_sec
0,0.9328543409518474,0.9215178521116774,0.005937970890907472,"{""ccp_alpha"": 0.009719809266332275, ""criterion"": ""log_loss"", ""max_depth"": 19, ""min_samples_leaf"": 3, ""min_samples_split"": 4, ""n_estimators"": 223}","{""bootstrap"": true, ""ccp_alpha"": 0.009719809266332275, ""class_weight"": ""balanced"", ""criterion"": ""log_loss"", ""max_depth"": 19, ""max_features"": ""sqrt"", ""max_leaf_nodes"": null, ""max_samples"": null, ""min_impurity_decrease"": 0.0, ""min_samples_leaf"": 3, ""min_samples_split"": 4, ""min_weight_fraction_leaf"": 0.0, ""monotonic_cst"": null, ""n_estimators"": 223, ""n_jobs"": null, ""oob_score"": false, ""random_state"": 42, ""verbose"": 0, ""warm_start"": false}",14.439993143081665
1,0.9328543409518474,0.924248654298223,0.003175700305676266,"{""ccp_alpha"": 0.009719809266332275, ""criterion"": ""log_loss"", ""max_depth"": 19, ""min_samples_leaf"": 3, ""min_samples_split"": 4, ""n_estimators"": 223}","{""bootstrap"": true, ""ccp_alpha"": 0.009719809266332275, ""class_weight"": ""balanced"", ""criterion"": ""log_loss"", ""max_depth"": 19, ""max_features"": ""sqrt"", ""max_leaf_nodes"": null, ""max_samples"": null, ""min_impurity_decrease"": 0.0, ""min_samples_leaf"": 3, ""min_samples_split"": 4, ""min_weight_fraction_leaf"": 0.0, ""monotonic_cst"": null, ""n_estimators"": 223, ""n_jobs"": null, ""oob_score"": false, ""random_state"": 42, ""verbose"": 0, ""warm_start"": false}",15.084305763244629
2,0.9328543409518474,0.9265918327006398,0.003275011283403223,"{""ccp_alpha"": 0.009719809266332275, ""criterion"": ""log_loss"", ""max_depth"": 19, ""min_samples_leaf"": 3, ""min_samples_split"": 4, ""n_estimators"": 223}","{""bootstrap"": true, ""ccp_alpha"": 0.009719809266332275, ""class_weight"": ""balanced"", ""criterion"": ""log_loss"", ""max_depth"": 19, ""max_features"": ""sqrt"", ""max_leaf_nodes"": null, ""max_samples"": null, ""min_impurity_decrease"": 0.0, ""min_samples_leaf"": 3, ""min_samples_split"": 4, ""min_weight_fraction_leaf"": 0.0, ""monotonic_cst"": null, ""n_estimators"": 223, ""n_jobs"": null, ""oob_score"": false, ""random_state"": 42, ""verbose"": 0, ""warm_start"": false}",19.541728019714355
3,0.9411764705882352,0.9276613590579299,0.004592555524124663,"{""ccp_alpha"": 0.00941780791160593, ""criterion"": ""entropy"", ""max_depth"": 19, ""min_samples_leaf"": 3, ""min_samples_split"": 4, ""n_estimators"": 545}","{""bootstrap"": true, ""ccp_alpha"": 0.00941780791160593, ""class_weight"": ""balanced"", ""criterion"": ""entropy"", ""max_depth"": 19, ""max_features"": ""sqrt"", ""max_leaf_nodes"": null, ""max_samples"": null, ""min_impurity_decrease"": 0.0, ""min_samples_leaf"": 3, ""min_samples_split"": 4, ""min_weight_fraction_leaf"": 0.0, ""monotonic_cst"": null, ""n_estimators"": 545, ""n_jobs"": null, ""oob_score"": false, ""random_state"": 42, ""verbose"": 0, ""warm_start"": false}",18.871688842773438
4,0.9411764705882352,0.9293692374982013,0.0052054355385556614,"{""ccp_alpha"": 0.00941780791160593, ""criterion"": ""entropy"", ""max_depth"": 19, ""min_samples_leaf"": 3, ""min_samples_split"": 4, ""n_estimators"": 545}","{""bootstrap"": true, ""ccp_alpha"": 0.00941780791160593, ""class_weight"": ""balanced"", ""criterion"": ""entropy"", ""max_depth"": 19, ""max_features"": ""sqrt"", ""max_leaf_nodes"": null, ""max_samples"": null, ""min_impurity_decrease"": 0.0, ""min_samples_leaf"": 3, ""min_samples_split"": 4, ""min_weight_fraction_leaf"": 0.0, ""monotonic_cst"": null, ""n_estimators"": 545, ""n_jobs"": null, ""oob_score"": false, ""random_state"": 42, ""verbose"": 0, ""warm_start"": false}",19.330175161361694
5,0.9449112978524742,0.9338051991444087,0.006734420667385366,"{""ccp_alpha"": 0.005559472062201843, ""criterion"": ""log_loss"", ""max_depth"": 19, ""min_samples_leaf"": 3, ""min_samples_split"": 4, ""n_estimators"": 461}","{""bootstrap"": true, ""ccp_alpha"": 0.005559472062201843, ""class_weight"": ""balanced"", ""criterion"": ""log_loss"", ""max_depth"": 19, ""max_features"": ""sqrt"", ""max_leaf_nodes"": null, ""max_samples"": null, ""min_impurity_decrease"": 0.0, ""min_samples_leaf"": 3, ""min_samples_split"": 4, ""min_weight_fraction_leaf"": 0.0, ""monotonic_cst"": null, ""n_estimators"": 461, ""n_jobs"": null, ""oob_score"": false, ""random_state"": 42, ""verbose"": 0, ""warm_start"": false}",20.824543952941895
6,0.9449112978524742,0.9364769465163493,0.007191411319857297,"{""ccp_alpha"": 0.005559472062201843, ""criterion"": ""log_loss"", ""max_depth"": 19, ""min_samples_leaf"": 3, ""min_samples_split"": 4, ""n_estimators"": 461}","{""bootstrap"": true, ""ccp_alpha"": 0.005559472062201843, ""class_weight"": ""balanced"", ""criterion"": ""log_loss"", ""max_depth"": 19, ""max_features"": ""sqrt"", ""max_leaf_nodes"": null, ""max_samples"": null, ""min_impurity_decrease"": 0.0, ""min_samples_leaf"": 3, ""min_samples_split"": 4, ""min_weight_fraction_leaf"": 0.0, ""monotonic_cst"": null, ""n_estimators"": 461, ""n_jobs"": null, ""oob_score"": false, ""random_state"": 42, ""verbose"": 0, ""warm_start"": false}",22.069278955459595
7,0.9449112978524742,0.9392022048456456,0.006340766189021334,"{""ccp_alpha"": 0.005559472062201843, ""criterion"": ""log_loss"", ""max_depth"": 19, ""min_samples_leaf"": 3, ""min_samples_split"": 4, ""n_estimators"": 461}","{""bootstrap"": true, ""ccp_alpha"": 0.005559472062201843, ""class_weight"": ""balanced"", ""criterion"": ""log_loss"", ""max_depth"": 19, ""max_features"": ""sqrt"", ""max_leaf_nodes"": null, ""max_samples"": null, ""min_impurity_decrease"": 0.0, ""min_samples_leaf"": 3, ""min_samples_split"": 4, ""min_weight_fraction_leaf"": 0.0, ""monotonic_cst"": null, ""n_estimators"": 461, ""n_jobs"": null, ""oob_score"": false, ""random_state"": 42, ""verbose"": 0, ""warm_start"": false}",22.77408194541931
8,0.9449112978524742,0.9384823040537932,0.008334347350724186,"{""ccp_alpha"": 0.005559472062201843, ""criterion"": ""log_loss"", ""max_depth"": 19, ""min_samples_leaf"": 3, ""min_samples_split"": 4, ""n_estimators"": 461}","{""bootstrap"": true, ""ccp_alpha"": 0.005559472062201843, ""class_weight"": ""balanced"", ""criterion"": ""log_loss"", ""max_depth"": 19, ""max_features"": ""sqrt"", ""max_leaf_nodes"": null, ""max_samples"": null, ""min_impurity_decrease"": 0.0, ""min_samples_leaf"": 3, ""min_samples_split"": 4, ""min_weight_fraction_leaf"": 0.0, ""monotonic_cst"": null, ""n_estimators"": 461, ""n_jobs"": null, ""oob_score"": false, ""random_state"": 42, ""verbose"": 0, ""warm_start"": false}",21.93836212158203
9,0.9449112978524742,0.9413139022377807,0.006539993171772921,"{""ccp_alpha"": 0.005559472062201843, ""criterion"": ""log_loss"", ""max_depth"": 19, ""min_samples_leaf"": 3, ""min_samples_split"": 4, ""n_estimators"": 461}","{""bootstrap"": true, ""ccp_alpha"": 0.005559472062201843, ""class_weight"": ""balanced"", ""criterion"": ""log_loss"", ""max_depth"": 19, ""max_features"": ""sqrt"", ""max_leaf_nodes"": null, ""max_samples"": null, ""min_impurity_decrease"": 0.0, ""min_samples_leaf"": 3, ""min_samples_split"": 4, ""min_weight_fraction_leaf"": 0.0, ""monotonic_cst"": null, ""n_estimators"": 461, ""n_jobs"": null, ""oob_score"": false, ""random_state"": 42, ""verbose"": 0, ""warm_start"": false}",21.230242013931274
10,0.9449112978524742,0.9408317162161824,0.007897165515402857,"{""ccp_alpha"": 0.005559472062201843, ""criterion"": ""log_loss"", ""max_depth"": 19, ""min_samples_leaf"": 3, ""min_samples_split"": 4, ""n_estimators"": 461}","{""bootstrap"": true, ""ccp_alpha"": 0.005559472062201843, ""class_weight"": ""balanced"", ""criterion"": ""log_loss"", ""max_depth"": 19, ""max_features"": ""sqrt"", ""max_leaf_nodes"": null, ""max_samples"": null, ""min_impurity_decrease"": 0.0, ""min_samples_leaf"": 3, ""min_samples_split"": 4, ""min_weight_fraction_leaf"": 0.0, ""monotonic_cst"": null, ""n_estimators"": 461, ""n_jobs"": null, ""oob_score"": false, ""random_state"": 42, ""verbose"": 0, ""warm_start"": false}",20.685314893722534
11,0.9449112978524742,0.94216671744624,0.006649168786941464,"{""ccp_alpha"": 0.005559472062201843, ""criterion"": ""log_loss"", ""max_depth"": 19, ""min_samples_leaf"": 3, ""min_samples_split"": 4, ""n_estimators"": 461}","{""bootstrap"": true, ""ccp_alpha"": 0.005559472062201843, ""class_weight"": ""balanced"", ""criterion"": ""log_loss"", ""max_depth"": 19, ""max_features"": ""sqrt"", ""max_leaf_nodes"": null, ""max_samples"": null, ""min_impurity_decrease"": 0.0, ""min_samples_leaf"": 3, ""min_samples_split"": 4, ""min_weight_fraction_leaf"": 0.0, ""monotonic_cst"": null, ""n_estimators"": 461, ""n_jobs"": null, ""oob_score"": false, ""random_state"": 42, ""verbose"": 0, ""warm_start"": false}",20.818063259124756
12,0.9449112978524742,0.9420608676906285,0.00669835104460928,"{""ccp_alpha"": 0.005559472062201843, ""criterion"": ""log_loss"", ""max_depth"": 19, ""min_samples_leaf"": 3, ""min_samples_split"": 4, ""n_estimators"": 461}","{""bootstrap"": true, ""ccp_alpha"": 0.005559472062201843, ""class_weight"": ""balanced"", ""criterion"": ""log_loss"", ""max_depth"": 19, ""max_features"": ""sqrt"", ""max_leaf_nodes"": null, ""max_samples"": null, ""min_impurity_decrease"": 0.0, ""min_samples_leaf"": 3, ""min_samples_split"": 4, ""min_weight_fraction_leaf"": 0.0, ""monotonic_cst"": null, ""n_estimators"": 461, ""n_jobs"": null, ""oob_score"": false, ""random_state"": 42, ""verbose"": 0, ""warm_start"": false}",20.578470945358276
13,0.9449112978524742,0.9425202408138349,0.0052024838396602475,"{""ccp_alpha"": 0.005559472062201843, ""criterion"": ""log_loss"", ""max_depth"": 19, ""min_samples_leaf"": 3, ""min_samples_split"": 4, ""n_estimators"": 461}","{""bootstrap"": true, ""ccp_alpha"": 0.005559472062201843, ""class_weight"": ""balanced"", ""criterion"": ""log_loss"", ""max_depth"": 19, ""max_features"": ""sqrt"", ""max_leaf_nodes"": null, ""max_samples"": null, ""min_impurity_decrease"": 0.0, ""min_samples_leaf"": 3, ""min_samples_split"": 4, ""min_weight_fraction_leaf"": 0.0, ""monotonic_cst"": null, ""n_estimators"": 461, ""n_jobs"": null, ""oob_score"": false, ""random_state"": 42, ""verbose"": 0, ""warm_start"": false}",20.722105264663696
14,0.9449112978524742,0.9412009888553734,0.0068546871702107595,"{""ccp_alpha"": 0.005559472062201843, ""criterion"": ""log_loss"", ""max_depth"": 19, ""min_samples_leaf"": 3, ""min_samples_split"": 4, ""n_estimators"": 461}","{""bootstrap"": true, ""ccp_alpha"": 0.005559472062201843, ""class_weight"": ""balanced"", ""criterion"": ""log_loss"", ""max_depth"": 19, ""max_features"": ""sqrt"", ""max_leaf_nodes"": null, ""max_samples"": null, ""min_impurity_decrease"": 0.0, ""min_samples_leaf"": 3, ""min_samples_split"": 4, ""min_weight_fraction_leaf"": 0.0, ""monotonic_cst"": null, ""n_estimators"": 461, ""n_jobs"": null, ""oob_score"": false, ""random_state"": 42, ""verbose"": 0, ""warm_start"": false}",20.848761081695557
15,0.9449112978524742,0.9415342873938044,0.006605774204298665,"{""ccp_alpha"": 0.005559472062201843, ""criterion"": ""log_loss"", ""max_depth"": 19, ""min_samples_leaf"": 3, ""min_samples_split"": 4, ""n_estimators"": 461}","{""bootstrap"": true, ""ccp_alpha"": 0.005559472062201843, ""class_weight"": ""balanced"", ""criterion"": ""log_loss"", ""max_depth"": 19, ""max_features"": ""sqrt"", ""max_leaf_nodes"": null, ""max_samples"": null, ""min_impurity_decrease"": 0.0, ""min_samples_leaf"": 3, ""min_samples_split"": 4, ""min_weight_fraction_leaf"": 0.0, ""monotonic_cst"": null, ""n_estimators"": 461, ""n_jobs"": null, ""oob_score"": false, ""random_state"": 42, ""verbose"": 0, ""warm_start"": false}",20.838318824768066
16,0.9449112978524742,0.9426447350559762,0.0052899513881199,"{""ccp_alpha"": 0.005559472062201843, ""criterion"": ""log_loss"", ""max_depth"": 19, ""min_samples_leaf"": 3, ""min_samples_split"": 4, ""n_estimators"": 461}","{""bootstrap"": true, ""ccp_alpha"": 0.005559472062201843, ""class_weight"": ""balanced"", ""criterion"": ""log_loss"", ""max_depth"": 19, ""max_features"": ""sqrt"", ""max_leaf_nodes"": null, ""max_samples"": null, ""min_impurity_decrease"": 0.0, ""min_samples_leaf"": 3, ""min_samples_split"": 4, ""min_weight_fraction_leaf"": 0.0, ""monotonic_cst"": null, ""n_estimators"": 461, ""n_jobs"": null, ""oob_score"": false, ""random_state"": 42, ""verbose"": 0, ""warm_start"": false}",20.920106887817383
17,0.9449112978524742,0.941585745295826,0.007897691633784776,"{""ccp_alpha"": 0.005559472062201843, ""criterion"": ""log_loss"", ""max_depth"": 19, ""min_samples_leaf"": 3, ""min_samples_split"": 4, ""n_estimators"": 461}","{""bootstrap"": true, ""ccp_alpha"": 0.005559472062201843, ""class_weight"": ""balanced"", ""criterion"": ""log_loss"", ""max_depth"": 19, ""max_features"": ""sqrt"", ""max_leaf_nodes"": null, ""max_samples"": null, ""min_impurity_decrease"": 0.0, ""min_samples_leaf"": 3, ""min_samples_split"": 4, ""min_weight_fraction_leaf"": 0.0, ""monotonic_cst"": null, ""n_estimators"": 461, ""n_jobs"": null, ""oob_score"": false, ""random_state"": 42, ""verbose"": 0, ""warm_start"": false}",20.976645708084106
18,0.9449112978524742,0.9409792306674234,0.007047899584617843,"{""ccp_alpha"": 0.005559472062201843, ""criterion"": ""log_loss"", ""max_depth"": 19, ""min_samples_leaf"": 3, ""min_samples_split"": 4, ""n_estimators"": 461}","{""bootstrap"": true, ""ccp_alpha"": 0.005559472062201843, ""class_weight"": ""balanced"", ""criterion"": ""log_loss"", ""max_depth"": 19, ""max_features"": ""sqrt"", ""max_leaf_nodes"": null, ""max_samples"": null, ""min_impurity_decrease"": 0.0, ""min_samples_leaf"": 3, ""min_samples_split"": 4, ""min_weight_fraction_leaf"": 0.0, ""monotonic_cst"": null, ""n_estimators"": 461, ""n_jobs"": null, ""oob_score"": false, ""random_state"": 42, ""verbose"": 0, ""warm_start"": false}",34.61440372467041
19,0.9449112978524742,0.944173018044427,0.0022527026698365075,"{""ccp_alpha"": 0.005559472062201843, ""criterion"": ""log_loss"", ""max_depth"": 19, ""min_samples_leaf"": 3, ""min_samples_split"": 4, ""n_estimators"": 461}","{""bootstrap"": true, ""ccp_alpha"": 0.005559472062201843, ""class_weight"": ""balanced"", ""criterion"": ""log_loss"", ""max_depth"": 19, ""max_features"": ""sqrt"", ""max_leaf_nodes"": null, ""max_samples"": null, ""min_impurity_decrease"": 0.0, ""min_samples_leaf"": 3, ""min_samples_split"": 4, ""min_weight_fraction_leaf"": 0.0, ""monotonic_cst"": null, ""n_estimators"": 461, ""n_jobs"": null, ""oob_score"": false, ""random_state"": 42, ""verbose"": 0, ""warm_start"": false}",20.621814012527466
20,0.9449112978524742,0.9421654025739408,0.005235580689231021,"{""ccp_alpha"": 0.005559472062201843, ""criterion"": ""log_loss"", ""max_depth"": 19, ""min_samples_leaf"": 3, ""min_samples_split"": 4, ""n_estimators"": 461}","{""bootstrap"": true, ""ccp_alpha"": 0.005559472062201843, ""class_weight"": ""balanced"", ""criterion"": ""log_loss"", ""max_depth"": 19, ""max_features"": ""sqrt"", ""max_leaf_nodes"": null, ""max_samples"": null, ""min_impurity_decrease"": 0.0, ""min_samples_leaf"": 3, ""min_samples_split"": 4, ""min_weight_fraction_leaf"": 0.0, ""monotonic_cst"": null, ""n_estimators"": 461, ""n_jobs"": null, ""oob_score"": false, ""random_state"": 42, ""verbose"": 0, ""warm_start"": false}",20.46212100982666
21,0.9449112978524742,0.9402121402204096,0.007757573103004705,"{""ccp_alpha"": 0.005559472062201843, ""criterion"": ""log_loss"", ""max_depth"": 19, ""min_samples_leaf"": 3, ""min_samples_split"": 4, ""n_estimators"": 461}","{""bootstrap"": true, ""ccp_alpha"": 0.005559472062201843, ""class_weight"": ""balanced"", ""criterion"": ""log_loss"", ""max_depth"": 19, ""max_features"": ""sqrt"", ""max_leaf_nodes"": null, ""max_samples"": null, ""min_impurity_decrease"": 0.0, ""min_samples_leaf"": 3, ""min_samples_split"": 4, ""min_weight_fraction_leaf"": 0.0, ""monotonic_cst"": null, ""n_estimators"": 461, ""n_jobs"": null, ""oob_score"": false, ""random_state"": 42, ""verbose"": 0, ""warm_start"": false}",20.31482696533203
22,0.9449112978524742,0.9431700004805009,0.0030347834257924452,"{""ccp_alpha"": 0.005559472062201843, ""criterion"": ""log_loss"", ""max_depth"": 19, ""min_samples_leaf"": 3, ""min_samples_split"": 4, ""n_estimators"": 461}","{""bootstrap"": true, ""ccp_alpha"": 0.005559472062201843, ""class_weight"": ""balanced"", ""criterion"": ""log_loss"", ""max_depth"": 19, ""max_features"": ""sqrt"", ""max_leaf_nodes"": null, ""max_samples"": null, ""min_impurity_decrease"": 0.0, ""min_samples_leaf"": 3, ""min_samples_split"": 4, ""min_weight_fraction_leaf"": 0.0, ""monotonic_cst"": null, ""n_estimators"": 461, ""n_jobs"": null, ""oob_score"": false, ""random_state"": 42, ""verbose"": 0, ""warm_start"": false}",20.65851593017578
23,0.9449112978524742,0.9419264146067581,0.006758767497851244,"{""ccp_alpha"": 0.005559472062201843, ""criterion"": ""log_loss"", ""max_depth"": 19, ""min_samples_leaf"": 3, ""min_samples_split"": 4, ""n_estimators"": 461}","{""bootstrap"": true, ""ccp_alpha"": 0.005559472062201843, ""class_weight"": ""balanced"", ""criterion"": ""log_loss"", ""max_depth"": 19, ""max_features"": ""sqrt"", ""max_leaf_nodes"": null, ""max_samples"": null, ""min_impurity_decrease"": 0.0, ""min_samples_leaf"": 3, ""min_samples_split"": 4, ""min_weight_fraction_leaf"": 0.0, ""monotonic_cst"": null, ""n_estimators"": 461, ""n_jobs"": null, ""oob_score"": false, ""random_state"": 42, ""verbose"": 0, ""warm_start"": false}",20.608882904052734
24,0.9449112978524742,0.9414612510536846,0.007872859758684984,"{""ccp_alpha"": 0.005559472062201843, ""criterion"": ""log_loss"", ""max_depth"": 19, ""min_samples_leaf"": 3, ""min_samples_split"": 4, ""n_estimators"": 461}","{""bootstrap"": true, ""ccp_alpha"": 0.005559472062201843, ""class_weight"": ""balanced"", ""criterion"": ""log_loss"", ""max_depth"": 19, ""max_features"": ""sqrt"", ""max_leaf_nodes"": null, ""max_samples"": null, ""min_impurity_decrease"": 0.0, ""min_samples_leaf"": 3, ""min_samples_split"": 4, ""min_weight_fraction_leaf"": 0.0, ""monotonic_cst"": null, ""n_estimators"": 461, ""n_jobs"": null, ""oob_score"": false, ""random_state"": 42, ""verbose"": 0, ""warm_start"": false}",20.466208934783936
25,0.9449112978524742,0.940957525330623,0.008942044146642838,"{""ccp_alpha"": 0.005559472062201843, ""criterion"": ""log_loss"", ""max_depth"": 19, ""min_samples_leaf"": 3, ""min_samples_split"": 4, ""n_estimators"": 461}","{""bootstrap"": true, ""ccp_alpha"": 0.005559472062201843, ""class_weight"": ""balanced"", ""criterion"": ""log_loss"", ""max_depth"": 19, ""max_features"": ""sqrt"", ""max_leaf_nodes"": null, ""max_samples"": null, ""min_impurity_decrease"": 0.0, ""min_samples_leaf"": 3, ""min_samples_split"": 4, ""min_weight_fraction_leaf"": 0.0, ""monotonic_cst"": null, ""n_estimators"": 461, ""n_jobs"": null, ""oob_score"": false, ""random_state"": 42, ""verbose"": 0, ""warm_start"": false}",20.564290046691895
26,0.9449112978524742,0.9432929143800081,0.005107813225343613,"{""ccp_alpha"": 0.005559472062201843, ""criterion"": ""log_loss"", ""max_depth"": 19, ""min_samples_leaf"": 3, ""min_samples_split"": 4, ""n_estimators"": 461}","{""bootstrap"": true, ""ccp_alpha"": 0.005559472062201843, ""class_weight"": ""balanced"", ""criterion"": ""log_loss"", ""max_depth"": 19, ""max_features"": ""sqrt"", ""max_leaf_nodes"": null, ""max_samples"": null, ""min_impurity_decrease"": 0.0, ""min_samples_leaf"": 3, ""min_samples_split"": 4, ""min_weight_fraction_leaf"": 0.0, ""monotonic_cst"": null, ""n_estimators"": 461, ""n_jobs"": null, ""oob_score"": false, ""random_state"": 42, ""verbose"": 0, ""warm_start"": false}",20.459444046020508
27,0.9449112978524742,0.9425517393570273,0.005089533567214787,"{""ccp_alpha"": 0.005559472062201843, ""criterion"": ""log_loss"", ""max_depth"": 19, ""min_samples_leaf"": 3, ""min_samples_split"": 4, ""n_estimators"": 461}","{""bootstrap"": true, ""ccp_alpha"": 0.005559472062201843, ""class_weight"": ""balanced"", ""criterion"": ""log_loss"", ""max_depth"": 19, ""max_features"": ""sqrt"", ""max_leaf_nodes"": null, ""max_samples"": null, ""min_impurity_decrease"": 0.0, ""min_samples_leaf"": 3, ""min_samples_split"": 4, ""min_weight_fraction_leaf"": 0.0, ""monotonic_cst"": null, ""n_estimators"": 461, ""n_jobs"": null, ""oob_score"": false, ""random_state"": 42, ""verbose"": 0, ""warm_start"": false}",20.564520120620728
28,0.9449112978524742,0.9428135818979726,0.005103079591320968,"{""ccp_alpha"": 0.005559472062201843, ""criterion"": ""log_loss"", ""max_depth"": 19, ""min_samples_leaf"": 3, ""min_samples_split"": 4, ""n_estimators"": 461}","{""bootstrap"": true, ""ccp_alpha"": 0.005559472062201843, ""class_weight"": ""balanced"", ""criterion"": ""log_loss"", ""max_depth"": 19, ""max_features"": ""sqrt"", ""max_leaf_nodes"": null, ""max_samples"": null, ""min_impurity_decrease"": 0.0, ""min_samples_leaf"": 3, ""min_samples_split"": 4, ""min_weight_fraction_leaf"": 0.0, ""monotonic_cst"": null, ""n_estimators"": 461, ""n_jobs"": null, ""oob_score"": false, ""random_state"": 42, ""verbose"": 0, ""warm_start"": false}",20.482561111450195
29,0.9449112978524742,0.9430625703822552,0.0051084173868733256,"{""ccp_alpha"": 0.005559472062201843, ""criterion"": ""log_loss"", ""max_depth"": 19, ""min_samples_leaf"": 3, ""min_samples_split"": 4, ""n_estimators"": 461}","{""bootstrap"": true, ""ccp_alpha"": 0.005559472062201843, ""class_weight"": ""balanced"", ""criterion"": ""log_loss"", ""max_depth"": 19, ""max_features"": ""sqrt"", ""max_leaf_nodes"": null, ""max_samples"": null, ""min_impurity_decrease"": 0.0, ""min_samples_leaf"": 3, ""min_samples_split"": 4, ""min_weight_fraction_leaf"": 0.0, ""monotonic_cst"": null, ""n_estimators"": 461, ""n_jobs"": null, ""oob_score"": false, ""random_state"": 42, ""verbose"": 0, ""warm_start"": false}",20.658100843429565
30,0.9449112978524742,0.941920624176891,0.006680634405737603,"{""ccp_alpha"": 0.005559472062201843, ""criterion"": ""log_loss"", ""max_depth"": 19, ""min_samples_leaf"": 3, ""min_samples_split"": 4, ""n_estimators"": 461}","{""bootstrap"": true, ""ccp_alpha"": 0.005559472062201843, ""class_weight"": ""balanced"", ""criterion"": ""log_loss"", ""max_depth"": 19, ""max_features"": ""sqrt"", ""max_leaf_nodes"": null, ""max_samples"": null, ""min_impurity_decrease"": 0.0, ""min_samples_leaf"": 3, ""min_samples_split"": 4, ""min_weight_fraction_leaf"": 0.0, ""monotonic_cst"": null, ""n_estimators"": 461, ""n_jobs"": null, ""oob_score"": false, ""random_state"": 42, ""verbose"": 0, ""warm_start"": false}",20.520603895187378
31,0.9449112978524742,0.941074914270598,0.007846001280560426,"{""ccp_alpha"": 0.005559472062201843, ""criterion"": ""log_loss"", ""max_depth"": 19, ""min_samples_leaf"": 3, ""min_samples_split"": 4, ""n_estimators"": 461}","{""bootstrap"": true, ""ccp_alpha"": 0.005559472062201843, ""class_weight"": ""balanced"", ""criterion"": ""log_loss"", ""max_depth"": 19, ""max_features"": ""sqrt"", ""max_leaf_nodes"": null, ""max_samples"": null, ""min_impurity_decrease"": 0.0, ""min_samples_leaf"": 3, ""min_samples_split"": 4, ""min_weight_fraction_leaf"": 0.0, ""monotonic_cst"": null, ""n_estimators"": 461, ""n_jobs"": null, ""oob_score"": false, ""random_state"": 42, ""verbose"": 0, ""warm_start"": false}",20.484050035476685
32,0.9449112978524742,0.940937565971794,0.00781270260931883,"{""ccp_alpha"": 0.005559472062201843, ""criterion"": ""log_loss"", ""max_depth"": 19, ""min_samples_leaf"": 3, ""min_samples_split"": 4, ""n_estimators"": 461}","{""bootstrap"": true, ""ccp_alpha"": 0.005559472062201843, ""class_weight"": ""balanced"", ""criterion"": ""log_loss"", ""max_depth"": 19, ""max_features"": ""sqrt"", ""max_leaf_nodes"": null, ""max_samples"": null, ""min_impurity_decrease"": 0.0, ""min_samples_leaf"": 3, ""min_samples_split"": 4, ""min_weight_fraction_leaf"": 0.0, ""monotonic_cst"": null, ""n_estimators"": 461, ""n_jobs"": null, ""oob_score"": false, ""random_state"": 42, ""verbose"": 0, ""warm_start"": false}",20.594454050064087
33,0.9449112978524742,0.9399347358991965,0.008028265123633088,"{""ccp_alpha"": 0.005559472062201843, ""criterion"": ""log_loss"", ""max_depth"": 19, ""min_samples_leaf"": 3, ""min_samples_split"": 4, ""n_estimators"": 461}","{""bootstrap"": true, ""ccp_alpha"": 0.005559472062201843, ""class_weight"": ""balanced"", ""criterion"": ""log_loss"", ""max_depth"": 19, ""max_features"": ""sqrt"", ""max_leaf_nodes"": null, ""max_samples"": null, ""min_impurity_decrease"": 0.0, ""min_samples_leaf"": 3, ""min_samples_split"": 4, ""min_weight_fraction_leaf"": 0.0, ""monotonic_cst"": null, ""n_estimators"": 461, ""n_jobs"": null, ""oob_score"": false, ""random_state"": 42, ""verbose"": 0, ""warm_start"": false}",20.27911400794983
34,0.9449112978524742,0.9410520596968354,0.006539160769608479,"{""ccp_alpha"": 0.005559472062201843, ""criterion"": ""log_loss"", ""max_depth"": 19, ""min_samples_leaf"": 3, ""min_samples_split"": 4, ""n_estimators"": 461}","{""bootstrap"": true, ""ccp_alpha"": 0.005559472062201843, ""class_weight"": ""balanced"", ""criterion"": ""log_loss"", ""max_depth"": 19, ""max_features"": ""sqrt"", ""max_leaf_nodes"": null, ""max_samples"": null, ""min_impurity_decrease"": 0.0, ""min_samples_leaf"": 3, ""min_samples_split"": 4, ""min_weight_fraction_leaf"": 0.0, ""monotonic_cst"": null, ""n_estimators"": 461, ""n_jobs"": null, ""oob_score"": false, ""random_state"": 42, ""verbose"": 0, ""warm_start"": false}",20.379196166992188
35,0.9449112978524742,0.9414084782793638,0.0052428692740727305,"{""ccp_alpha"": 0.005559472062201843, ""criterion"": ""log_loss"", ""max_depth"": 19, ""min_samples_leaf"": 3, ""min_samples_split"": 4, ""n_estimators"": 461}","{""bootstrap"": true, ""ccp_alpha"": 0.005559472062201843, ""class_weight"": ""balanced"", ""criterion"": ""log_loss"", ""max_depth"": 19, ""max_features"": ""sqrt"", ""max_leaf_nodes"": null, ""max_samples"": null, ""min_impurity_decrease"": 0.0, ""min_samples_leaf"": 3, ""min_samples_split"": 4, ""min_weight_fraction_leaf"": 0.0, ""monotonic_cst"": null, ""n_estimators"": 461, ""n_jobs"": null, ""oob_score"": false, ""random_state"": 42, ""verbose"": 0, ""warm_start"": false}",20.52275586128235
36,0.9449112978524742,0.9405658510793329,0.006731161000384351,"{""ccp_alpha"": 0.005559472062201843, ""criterion"": ""log_loss"", ""max_depth"": 19, ""min_samples_leaf"": 3, ""min_samples_split"": 4, ""n_estimators"": 461}","{""bootstrap"": true, ""ccp_alpha"": 0.005559472062201843, ""class_weight"": ""balanced"", ""criterion"": ""log_loss"", ""max_depth"": 19, ""max_features"": ""sqrt"", ""max_leaf_nodes"": null, ""max_samples"": null, ""min_impurity_decrease"": 0.0, ""min_samples_leaf"": 3, ""min_samples_split"": 4, ""min_weight_fraction_leaf"": 0.0, ""monotonic_cst"": null, ""n_estimators"": 461, ""n_jobs"": null, ""oob_score"": false, ""random_state"": 42, ""verbose"": 0, ""warm_start"": false}",20.389412879943848
37,0.9449112978524742,0.9421840470604704,0.005309059759532957,"{""ccp_alpha"": 0.005559472062201843, ""criterion"": ""log_loss"", ""max_depth"": 19, ""min_samples_leaf"": 3, ""min_samples_split"": 4, ""n_estimators"": 461}","{""bootstrap"": true, ""ccp_alpha"": 0.005559472062201843, ""class_weight"": ""balanced"", ""criterion"": ""log_loss"", ""max_depth"": 19, ""max_features"": ""sqrt"", ""max_leaf_nodes"": null, ""max_samples"": null, ""min_impurity_decrease"": 0.0, ""min_samples_leaf"": 3, ""min_samples_split"": 4, ""min_weight_fraction_leaf"": 0.0, ""monotonic_cst"": null, ""n_estimators"": 461, ""n_jobs"": null, ""oob_score"": false, ""random_state"": 42, ""verbose"": 0, ""warm_start"": false}",20.354555130004883
38,0.9449112978524742,0.9411823443688437,0.006718434692602308,"{""ccp_alpha"": 0.005559472062201843, ""criterion"": ""log_loss"", ""max_depth"": 19, ""min_samples_leaf"": 3, ""min_samples_split"": 4, ""n_estimators"": 461}","{""bootstrap"": true, ""ccp_alpha"": 0.005559472062201843, ""class_weight"": ""balanced"", ""criterion"": ""log_loss"", ""max_depth"": 19, ""max_features"": ""sqrt"", ""max_leaf_nodes"": null, ""max_samples"": null, ""min_impurity_decrease"": 0.0, ""min_samples_leaf"": 3, ""min_samples_split"": 4, ""min_weight_fraction_leaf"": 0.0, ""monotonic_cst"": null, ""n_estimators"": 461, ""n_jobs"": null, ""oob_score"": false, ""random_state"": 42, ""verbose"": 0, ""warm_start"": false}",20.544901847839355
39,0.9449112978524742,0.9431857497520971,0.0030263590675590527,"{""ccp_alpha"": 0.005559472062201843, ""criterion"": ""log_loss"", ""max_depth"": 19, ""min_samples_leaf"": 3, ""min_samples_split"": 4, ""n_estimators"": 461}","{""bootstrap"": true, ""ccp_alpha"": 0.005559472062201843, ""class_weight"": ""balanced"", ""criterion"": ""log_loss"", ""max_depth"": 19, ""max_features"": ""sqrt"", ""max_leaf_nodes"": null, ""max_samples"": null, ""min_impurity_decrease"": 0.0, ""min_samples_leaf"": 3, ""min_samples_split"": 4, ""min_weight_fraction_leaf"": 0.0, ""monotonic_cst"": null, ""n_estimators"": 461, ""n_jobs"": null, ""oob_score"": false, ""random_state"": 42, ""verbose"": 0, ""warm_start"": false}",20.553935766220093
